Phonics & Sounds,,,
 Hindi Transcript,Mundari Native Script,: Roman Transliteration ,TTS Pronunciation Key
अ,𞓐,A,uh (as in car)
आ,𞓑,Aa / Ā,aa (long open vowel)
इ,𞓒,I,ee (short as in pin)
ई,𞓓,Ii / Ī,eee (long as in meet)
उ,𞓔,U,oo (short as in put)
ऊ,𞓕,Uu / Ū,ooo (long as in boot)
ए,𞓖,E,eh (as in bed)
ओ,𞓗,O,oh (as in boat)
क,𞓘,K,Clear unaspirated k
ख,𞓙,Kh,Deeply aspirated kh
ग,𞓚,G,Hard g sound
ङ,𞓜,ŋ,ng nasal sound (as in sing)
च,𞓝,C,Soft ch sound (as in chip)
छ,𞓞,Ch,Aspirated chh sound
ज,𞓟,J,Standard j sound
ञ,𞓡,ñ / Ny,Palatal nasal ny-sound
ट,𞓢,ṭ,Retroflex t (tongue curls back)
ड,𞓤,ḍ,Retroflex d (tongue curls back)
त,𞓨,T,Soft dental t
द,𞓪,D / Daḥ,Soft dental d (often glottal)
न,.,N,Standard n sound
प,,P,Standard unaspirated p
ब,.,B,Standard b sound
म,𞓰,M,Standard m sound
र,𞓟,R,Lightly rolled r sound
स,`,S,Standard s sound
