Standard,Subject,Unit_Number,Unit_Title_Hindi,Unit_Title_Mundari,Core_Competency,FLN_Mapping
1,Language (भाषा / 𑜇𑜴𑜵𑜞),1,वर्णमाला और ध्वनि पहचान,Alkapata odoŋ saṛi toloŋ,Letter recognition and phonics,Foundational Literacy
1,Language (भाषा / 𑜇𑜴𑜵𑜞),2,बिना मात्रा वाले शब्द,Matra banoaḥ sabad ko,Word formation without diacritics,Foundational Literacy
1,Language (भाषा / 𑜇𑜴𑜵𑜞),3,छोटे वाक्य और कविताएँ,Huṛiŋ bakera odoŋ durāŋ ko,Simple oral expression & rhyming,Foundational Literacy
1,Mathematics (गणित / 𑜄𑜾𑜖𑜵𑜝),1,संख्या 1 से 9 की पहचान,Elen 1 eṭeḥ 9 toloŋ,Number identification up to 9,Foundational Numeracy
1,Mathematics (गणित / 𑜄𑜾𑜖𑜵𑜝),2,शून्य (0) की अवधारणा,Sunya (0) reyaḥ bicar,Concept of zero,Foundational Numeracy
1,Mathematics (गणित / 𑜄𑜾𑜖𑜵𑜝),3,जोड़ और घटाव (एक अंक),Mesa odoŋ maṭaḥ (miad elen),Single digit addition/subtraction,Foundational Numeracy
2,Language (भाषा / 𑜇𑜴𑜵𑜞),1,मात्राओं का ज्ञान,Matra reyaḥ saribali,Vowel diacritics mastery,Foundational Literacy
2,Language (भाषा / 𑜇𑜴𑜵𑜞),2,संयुक्त अक्षर और वाक्य रचना,Mesa akhar odoŋ bakera baay,Compound words and short sentences,Foundational Literacy
2,Language (भाषा / 𑜇𑜴𑜵𑜞),3,कहानी पठन और समझ,Kani paṛhao odoŋ bujhau,Reading comprehension & storytelling,Foundational Literacy
2,Mathematics (गणित / 𑜄𑜾𑜖𑜵𑜝),1,संख्याएँ 10 से 99 तक,Elen 10 eṭeḥ 99 jaked,Double digit numbering & local value,Foundational Numeracy
2,Mathematics (गणित / 𑜄𑜾𑜖𑜵𑜝),2,दो अंकों का जोड़-घटाव,Bar elen reyaḥ mesa-maṭaḥ,2-digit addition and subtraction,Foundational Numeracy
2,Mathematics (गणित / 𑜄𑜾𑜖𑜵𑜝),3,मापन की बुनियादी इकाइयाँ,Joka reyaḥ eṭeḥ ektako,Basic units of measurement,Foundational Numeracy
3,Language (भाषा / 𑜇𑜴𑜵𑜞),1,"संज्ञा, सर्वनाम और व्याकरण","Nutum, badla nutum odoŋ beakoron",Parts of speech basics,Intermediate Literacy
3,Language (भाषा / 𑜇𑜴𑜵𑜞),2,चित्र वर्णन और लेखन,Citara reyaḥ bakera odoŋ olaḥ,Descriptive composition from visuals,Creative Expression
3,Mathematics (गणित / 𑜄𑜾𑜖𑜵𑜝),1,गुणा की अवधारणा,Guna reyaḥ bicar,Concept and tables of multiplication,Foundational Numeracy
3,Mathematics (गणित / 𑜄𑜾𑜖𑜵𑜝),2,भाग की बुनियादी समझ,Hatiriŋ reyaḥ eṭeḥ bujhau,Introduction to simple division,Foundational Numeracy
3,EVS (पर्यावरण अध्ययन / 𑜆𑜵𑜞𑜵𑜝𑜵𑜎𑜵𑜞),1,हमारा परिवार और आस-पड़ोस,Abuah household odoŋ hatureko,Family structures & community life,Social Awareness
3,EVS (पर्यावरण अध्ययन / 𑜆𑜵𑜞𑜵𑜝𑜵𑜎𑜵𑜞),2,पेड़-पौधे और जीव-जंतु,Daru-nari odoŋ jiba-jantu ko,"Local flora, fauna, and biodiversity",Environmental Science
4,Language (भाषा / 𑜇𑜴𑜵𑜞),1,मुहावरे और लोककथाएँ,Mena-kaji odoŋ kahani ko,"Idioms, folk traditions, and culture",Advanced Literacy
4,Language (भाषा / 𑜇𑜴𑜵𑜞),2,पत्र लेखन और संवाद,Chiti olaḥ odoŋ ropot,Letter writing and dialogue script,Functional Literacy
4,Mathematics (गणित / 𑜄𑜾𑜖𑜵𑜝),1,भिन्न (Fraction) की समझ,Hatiŋ elen (Fraction) bujhau,Understanding fractions visually,Mathematical Reasoning
4,Mathematics (गणित / 𑜄𑜾𑜖𑜵𑜝),2,समय और कैलेंडर,Dipil odoŋ din-panji (Calendar),"Reading clocks, days, and calendars",Life Skills Math
4,EVS (पर्यावरण अध्ययन / 𑜆𑜵𑜞𑜵𑜝𑜵𑜎𑜵𑜞),1,जल ही जीवन है (स्रोतों का संरक्षण),Daḥ ge jiwon (Daḥ bacao),Water cycles and local conservation,Resource Sustainability
4,EVS (पर्यावरण अध्ययन / 𑜆𑜵𑜞𑜵𑜝𑜵𑜎𑜵𑜞),2,झारखंड के खनिज और प्राकृतिक संपदा,Jharkhand reyaḥ khanij odoŋ bir-buru,Jharkhand's geography and resources,Regional Knowledge
5,Language (भाषा / 𑜇𑜴𑜵𑜞),1,निबंध लेखन और अमूर्त सोच,Onol olaḥ odoŋ sangiŋ uduḥ,Essay writing and critical analysis,Advanced Expression
5,Language (भाषा / 𑜇𑜴𑜵𑜞),2,झारखंड के स्वतंत्रता सेनानी (जीवनी),Jharkhand reyaḥ bir ko (Jiwan onol),Biographies of regional tribal heroes,Historical Literacy
5,Mathematics (गणित / 𑜄𑜾𑜖𑜵𑜝),1,दशमलव और प्रतिशत,Dasamlav odoŋ pratisat,"Decimals, percentages, & applications",Advanced Numeracy
5,Mathematics (गणित / 𑜄𑜾𑜖𑜵𑜝),2,क्षेत्रफल और परिमाप,Chhetraphal odoŋ parimap,Area and perimeter basics,Spatial Math
5,EVS (पर्यावरण अध्ययन / 𑜆𑜵𑜞𑜵𑜝𑜵𑜎𑜵𑜞),1,हमारा ब्रह्मांड और पृथ्वी,Abuah brahmand odoŋ ot-hasa,"Our universe, earth, and geography",Scientific Temperament
5,EVS (पर्यावरण अध्ययन / 𑜆𑜵𑜞𑜵𑜝𑜵𑜎𑜵𑜞),2,कृषि और खाद्य संरक्षण,Caas-bas odoŋ mandi bacao,"Agriculture, tribal farming, & storage",Livelihood Studies
