Math Curriculum,,,
 Hindi Transcript,Mundari Native Script,: Roman Transliteration,TTS Pronunciation Key
एक (1),𞓱 (𞓰𞓒𞓐𞓤),Miad,Mee-yud
दो (2),𞓲 (𞓮𞓐𞓟𞓒𞓐),Baria,Buh-ree-ah
तीन (3),𞓳 (𞓐𞓭𞓒𞓐),Apia,Ah-pee-ah
चार (4),𞓴 (𞓔𞓭𞓔𞓬𞓒𞓐),Upunia,Oo-poo-nee-ah
पाँच (5),𞓵 (𞓰𞓗𞓬𞓖𞓐),Monea,Moh-nay-ah
छह (6),𞓶 (𞓨𞓔𞓟𞓔𞓒𞓐),Turuia,Too-roo-ee-ah
सात (7),𞓷 (𞓖𞓒𞓐),Eya,Ay-yah
आठ (8),𞓸 (𞓒𞓟𞓒𞓞𞓐),Irila,Ee-ree-lah
नौ (9),𞓹 (𞓐𞓟𞓖𞓒𞓐),Areya,Ah-ray-yah
दस (10),𞓱𞓰 (𞓚𞓖𞓞),Gel ,Gail 
ग्यारह (11),𞓱𞓱 (𞓚𞓖𞓞 𞓰𞓒𞓐𞓤),Gel miad,Gail mee-yud
बारह (12),𞓱𞓲 (𞓚𞓖𞓞 𞓮𞓐𞓟𞓒𞓐),Gel baria,Gail buh-ree-ah
तेरह (13),𞓱𞓳 (𞓚𞓖𞓞 𞓐𞓭𞓒𞓐),Gel apia,Gail ah-pee-ah
चौदह (14),𞓱𞓴 (𞓚𞓖𞓞 𞓔𞓭𞓔𞓬𞓒𞓐),Gel upunia,Gail oo-poo-nee-ah
पंद्रह (15),𞓱𞓵 (𞓚𞓖𞓞 𞓰𞓗𞓬𞓖𞓐),Gel monea,Gail moh-nay-ah
सोलह (16),𞓱𞓶 (𞓚𞓖𞓞 𞓨𞓔𞓟𞓔𞓒𞓐),Gel turuia,Gail too-roo-ee-ah
सत्रह (17),𞓱𞓷 (𞓚𞓖𞓞 𞓖𞓒𞓐),Gel eya,Gail ay-yah
अठारह (18),𞓱𞓸 (𞓚𞓖𞓞 𞓒𞓟𞓒𞓞𞓐),Gel irila,Gail ee-ree-lah
उन्नीस (19),𞓱𞓹 (𞓚𞓖𞓞 𞓐𞓟𞓖𞓒𞓐),Gel areya,Gail ah-ray-yah
बीस (20),𞓲𞓰 (𞓮𞓐𞓟 𞓚𞓖𞓞),Bar gel,Bar gail
