झिलमिल पाठ्यपुस्तक - Jhilmil Content,
Hindi (हिंदी),Mundari (Roman)
वर्णमाला (अक्षर),Akshar ko / Ol ko
स्वर,Sawar ol
व्यंजन,Vyanjan ol
चित्र सहायता (चित्र देखकर पढ़ना),Chitar-padhau
कविता / बालगीत,Durang
कहानी,Kani
घो घो रानी (खेल-गीत),Gho Gho Rani durang
तीन साथी,Apiya gate ko
अंग्रेजी English - Sunrise,
Hindi (हिंदी),Mundari (Roman)
एक खुश बच्चा,Rasa hon
अभिवादन (नमस्ते / जोहार),Johar
भावनाएँ (खुशी / उदासी),Rasa ar Duk
दैनिक दिनचर्या (रोज़ के काम),Dinaki kami
मेरा परिवार,Aing a ora-ren ko
मेरा दोस्त,Aing a gate
मेरा भोजन / खाना,Aing a mandi
"गणित (Mathematics - Shapes, Space & Numbers)",
Hindi (हिंदी),Mundari (Roman)
आकृतियाँ और स्थान,Mutan ar Thao
अंदर और बाहर,Bitar ar Bahre
बड़ा और छोटा,Marang ar Hurin
पास और दूर,Japa ar Sangi
संख्याएँ (1 से 9),Miyad ate Areya lekako
गिनना (गिनती,Leka