dataset,table,source_file,source_sheet,source_row,lesson_title,hindi,mundari_roman,number_value,category,source_book,current_db_mundari_roman,current_db_category,current_db_source_book,review_status,review_reason,human_decision,human_reviewer,review_notes,proposed_lesson_id
lessons_class1.csv,lessons,Untitled spreadsheet - Sheet1 (4).csv,Lesson Title,2,पाठ 1: फलों के नाम और 1 से 5 तक गिनती,पाठ 1: फलों के नाम और 1 से 5 तक गिनती,"Hon ko 1 ate 5 habi jo-jo (uli, kela) leka daia ko, chimina mena udub daia ko ar Mundari ar Hindi te nutum udub daia ko",,,,,,,DUPLICATE,"Existing Class 1 Lesson 1 matches title, grade, and subject; do not propose an import.",HOLD,,Existing lesson id 1; lesson record has no mundari_roman column.,
lesson_activities_class1.csv,lesson_activities,Untitled spreadsheet - Sheet1 (4).csv,Activities,8,पाठ 1: फलों के नाम और 1 से 5 तक गिनती,"Activity 1: Fruit Flashcard Counting | बच्चों को आम (Uli) या केले (Kela) का कार्ड दिखाएं और पूछें: ""यह कितना आम है?""","Hon ko ke uli baa kela ra chitar udub pe ar kuli ko pe: ""Nea chimina uli mena?""",,,,,,,MISSING_REQUIRED_FIELD,"Importer requires lesson_id and activity_name; normalized row has lesson_title and activity_name but no lesson_id. Existing Class 1 Lesson 1 resolves to id 1; proposed mapping only, not approval.",HOLD,,activity_name=Activity 1: Fruit Flashcard Counting; proposed lesson_id=1 is a technical mapping only.,1
lesson_activities_class1.csv,lesson_activities,Untitled spreadsheet - Sheet1 (4).csv,Activities,9,पाठ 1: फलों के नाम और 1 से 5 तक गिनती,"Activity 2: Pick the Fruit | मेज पर फल/चित्र रखें और बच्चे से कहें: ""टोकरी से तीन आम उठाकर दिखाओ।""","Tabul chetan re jo-jo do pe ar hon ke kaji ae pe: ""Daba ate apiya uli halang keate uduing me.""",,,,,,,MISSING_REQUIRED_FIELD,"Importer requires lesson_id and activity_name; normalized row has lesson_title and activity_name but no lesson_id. Existing Class 1 Lesson 1 resolves to id 1; proposed mapping only, not approval.",HOLD,,activity_name=Activity 2: Pick the Fruit; proposed lesson_id=1 is a technical mapping only.,1
lesson_activities_class1.csv,lesson_activities,Untitled spreadsheet - Sheet1 (4).csv,Activities,10,पाठ 1: फलों के नाम और 1 से 5 तक गिनती,"Activity 3: Clap & Count | जितने फल दिखाएं, बच्चों को उतनी बार ताली बजाते हुए गिनती बोलने कहें: ""पाँच बार ताली बजाओ और गिनो।""","Chimina jo udub-a ko pe, enin te thapu keate leka hichi ko pe: ""Moreya dhao thapu pe ar leka pe.""",,,,,,,MISSING_REQUIRED_FIELD,"Importer requires lesson_id and activity_name; normalized row has lesson_title and activity_name but no lesson_id. Existing Class 1 Lesson 1 resolves to id 1; proposed mapping only, not approval.",HOLD,,activity_name=Activity 3: Clap & Count; proposed lesson_id=1 is a technical mapping only.,1
lesson_assessments_class1.csv,lesson_assessments,Untitled spreadsheet - Sheet1 (4).csv,Assessment Questions,13,पाठ 1: फलों के नाम और 1 से 5 तक गिनती,(4 आम दिखाकर) यहाँ कितने आम हैं?,(4 uli udub keate) Nere chimina uli mena?,,,,,,,MISSING_REQUIRED_FIELD,"Importer requires lesson_id, question_no, and hindi_question; normalized row has lesson_title but no lesson_id. Existing Class 1 Lesson 1 resolves to id 1; proposed mapping only, not approval.",HOLD,,question_no=1; expected_answer=चार / Upuna; proposed lesson_id=1 is a technical mapping only.,1
lesson_assessments_class1.csv,lesson_assessments,Untitled spreadsheet - Sheet1 (4).csv,Assessment Questions,14,पाठ 1: फलों के नाम और 1 से 5 तक गिनती,ज़मीन से दो केले उठाओ।,Ote ate bariya kela halang me.,,,,,,,MISSING_REQUIRED_FIELD,"Importer requires lesson_id, question_no, and hindi_question; normalized row has lesson_title but no lesson_id. Existing Class 1 Lesson 1 resolves to id 1; proposed mapping only, not approval.",HOLD,,question_no=2; expected_answer=(2 केले उठाएगा); proposed lesson_id=1 is a technical mapping only.,1
lesson_assessments_class1.csv,lesson_assessments,Untitled spreadsheet - Sheet1 (4).csv,Assessment Questions,15,पाठ 1: फलों के नाम और 1 से 5 तक गिनती,1 से 5 तक मुंडारी में गिनकर सुनाओ।,1 ate 5 habi Mundari te leka keate aiumaing me.,,,,,,,MISSING_REQUIRED_FIELD,"Importer requires lesson_id, question_no, and hindi_question; normalized row has lesson_title but no lesson_id. Existing Class 1 Lesson 1 resolves to id 1; proposed mapping only, not approval.",HOLD,,"question_no=3; expected_answer=Miyad, Bariya, Apiya, Upuna, Moreya; proposed lesson_id=1 is a technical mapping only.",1
vocabulary_class1.csv,vocabulary,Untitled spreadsheet - Sheet1 (3).csv,Vocabulary Flashcard Data,3,पाठ 1: फलों के नाम और 1 से 5 तक गिनती,आम,Uli,,,,Uli,,,DUPLICATE,Exact Hindi and Mundari Roman vocabulary mapping already exists; do not propose an import.,HOLD,,object_code=OBJ_02; source Roman retained exactly.,
vocabulary_class1.csv,vocabulary,Untitled spreadsheet - Sheet1 (3).csv,Vocabulary Flashcard Data,4,पाठ 1: फलों के नाम और 1 से 5 तक गिनती,केला,Kela,,,,Kela,,,DUPLICATE,Exact Hindi and Mundari Roman vocabulary mapping already exists; do not propose an import.,HOLD,,object_code=OBJ_03; source Roman retained exactly.,
vocabulary_class1.csv,vocabulary,Untitled spreadsheet - Sheet1 (3).csv,Vocabulary Flashcard Data,5,पाठ 1: फलों के नाम और 1 से 5 तक गिनती,पपीता,Papita,,,,Papita,,,DUPLICATE,Exact Hindi and Mundari Roman vocabulary mapping already exists; do not propose an import.,HOLD,,object_code=OBJ_04; source Roman retained exactly.,
vocabulary_class1.csv,vocabulary,Untitled spreadsheet - Sheet1 (3).csv,Vocabulary Flashcard Data,6,पाठ 1: फलों के नाम और 1 से 5 तक गिनती,अमरूद,Tamar,,,,Tamar,,,DUPLICATE,Exact Hindi and Mundari Roman vocabulary mapping already exists; do not propose an import.,HOLD,,object_code=OBJ_05; source Roman retained exactly.,
vocabulary_class1.csv,vocabulary,Untitled spreadsheet - Sheet1 (3).csv,Vocabulary Flashcard Data,7,पाठ 1: फलों के नाम और 1 से 5 तक गिनती,इमली का बीज,Jojo jan,,,,Jojo jan,,,DUPLICATE,Exact Hindi and Mundari Roman vocabulary mapping already exists; do not propose an import.,HOLD,,object_code=OBJ_06; source Roman retained exactly.,
vocabulary_class1.csv,vocabulary,Untitled spreadsheet - Sheet1 (1).csv,common objects,6,पाठ 1: फलों के नाम और 1 से 5 तक गिनती,पानी,Daḥ,,,,Da,,,CONFLICT,Source and database Roman values conflict. Preserve both values; human/source decision required.,HOLD,,Explicit conflict: source=Daḥ; database=Da. No side selected.,
vocabulary_class1.csv,vocabulary,Untitled spreadsheet - Sheet1 (1).csv,common objects,18,पाठ 1: फलों के नाम और 1 से 5 तक गिनती,पेड़,Daru,,,,,,,NEEDS_HUMAN_REVIEW,No exact database mapping found; source approval is not recorded.,HOLD,,Source Roman spelling preserved exactly.,
vocabulary_class1.csv,vocabulary,Untitled spreadsheet - Sheet1 (1).csv,common objects,20,पाठ 1: फलों के नाम और 1 से 5 तक गिनती,हाथ,Ti,,,,,,,NEEDS_HUMAN_REVIEW,No exact database mapping found; source approval is not recorded.,HOLD,,Source Roman spelling preserved exactly.,
classroom_phrases_class1.csv,classroom_phrases,Untitled spreadsheet - Sheet1 (1).csv,Simple Classroom Instructions,2,पाठ 1: फलों के नाम और 1 से 5 तक गिनती,बैठ जाओ,Dub me,,common_objects,,Dub me,instruction,,NEEDS_HUMAN_REVIEW,Existing Hindi/Roman mapping has database category instruction while source category is common_objects; category mismatch requires human review. Do not merge categories.,HOLD,,Source category and Roman value preserved exactly.,
classroom_phrases_class1.csv,classroom_phrases,Untitled spreadsheet - Sheet1 (1).csv,Simple Classroom Instructions,3,पाठ 1: फलों के नाम और 1 से 5 तक गिनती,खड़े हो जाओ,Tingu me,,common_objects,,Tingu me,instruction,,NEEDS_HUMAN_REVIEW,Existing Hindi/Roman mapping has database category instruction while source category is common_objects; category mismatch requires human review. Do not merge categories.,HOLD,,Source category and Roman value preserved exactly.,
classroom_phrases_class1.csv,classroom_phrases,Untitled spreadsheet - Sheet1 (1).csv,Simple Classroom Instructions,4,पाठ 1: फलों के नाम और 1 से 5 तक गिनती,यहाँ आओ,Nere hiju me,,common_objects,,Nere hiju me,instruction,,NEEDS_HUMAN_REVIEW,Existing Hindi/Roman mapping has database category instruction while source category is common_objects; category mismatch requires human review. Do not merge categories.,HOLD,,Source category and Roman value preserved exactly.,
classroom_phrases_class1.csv,classroom_phrases,Untitled spreadsheet - Sheet1 (1).csv,Simple Classroom Instructions,5,पाठ 1: फलों के नाम और 1 से 5 तक गिनती,वहाँ जाओ,Ente seno me,,common_objects,,Ente seno me,instruction,,NEEDS_HUMAN_REVIEW,Existing Hindi/Roman mapping has database category instruction while source category is common_objects; category mismatch requires human review. Do not merge categories.,HOLD,,Source category and Roman value preserved exactly.,
classroom_phrases_class1.csv,classroom_phrases,Untitled spreadsheet - Sheet1 (1).csv,Simple Classroom Instructions,6,पाठ 1: फलों के नाम और 1 से 5 तक गिनती,यहाँ देखो,Nere nel me,,common_objects,,Nere nel me,instruction,,NEEDS_HUMAN_REVIEW,Existing Hindi/Roman mapping has database category instruction while source category is common_objects; category mismatch requires human review. Do not merge categories.,HOLD,,Source category and Roman value preserved exactly.,
classroom_phrases_class1.csv,classroom_phrases,Untitled spreadsheet - Sheet1 (1).csv,Simple Classroom Instructions,8,पाठ 1: फलों के नाम और 1 से 5 तक गिनती,ध्यान से सुनो,Ayum me,,common_objects,,Ayum me,instruction,,NEEDS_HUMAN_REVIEW,Existing Hindi/Roman mapping has database category instruction while source category is common_objects; category mismatch requires human review. Do not merge categories.,HOLD,,Source category and Roman value preserved exactly.,
classroom_phrases_class1.csv,classroom_phrases,Untitled spreadsheet - Sheet1 (1).csv,Simple Classroom Instructions,9,पाठ 1: फलों के नाम और 1 से 5 तक गिनती,पढ़ो,Padhau me,,common_objects,,Padhau me,instruction,,NEEDS_HUMAN_REVIEW,Existing Hindi/Roman mapping has database category instruction while source category is common_objects; category mismatch requires human review. Do not merge categories.,HOLD,,Source category and Roman value preserved exactly.,
classroom_phrases_class1.csv,classroom_phrases,Untitled spreadsheet - Sheet1 (1).csv,Simple Classroom Instructions,10,पाठ 1: फलों के नाम और 1 से 5 तक गिनती,लिखो,Ol me,,common_objects,,Ol me,instruction,,NEEDS_HUMAN_REVIEW,Existing Hindi/Roman mapping has database category instruction while source category is common_objects; category mismatch requires human review. Do not merge categories.,HOLD,,Source category and Roman value preserved exactly.,
classroom_phrases_class1.csv,classroom_phrases,Untitled spreadsheet - Sheet1 (1).csv,Simple Classroom Instructions,12,पाठ 1: फलों के नाम और 1 से 5 तक गिनती,आम गिनो,Uli leka me,,common_objects,,Uli leka me,instruction,,NEEDS_HUMAN_REVIEW,Existing Hindi/Roman mapping has database category instruction while source category is common_objects; category mismatch requires human review. Do not merge categories.,HOLD,,Verified baseline Roman value preserved exactly.,
classroom_phrases_class1.csv,classroom_phrases,Untitled spreadsheet - Sheet1 (3).csv,Teacher Script & Audio Prompts,12,पाठ 1: फलों के नाम और 1 से 5 तक गिनती,मेरी तरफ देखो और आम गिनो।,Aing saen nel pe ar uli leka pe.,,teacher_script,,Aing saen nel pe ar uli leka pe.,lesson_script,,NEEDS_HUMAN_REVIEW,Existing Hindi/Roman mapping has database category lesson_script while source category is teacher_script; category mismatch requires human review. Do not merge categories.,HOLD,,Source category and Roman value preserved exactly.,
classroom_phrases_class1.csv,classroom_phrases,Untitled spreadsheet - Sheet1 (3).csv,Teacher Script & Audio Prompts,13,पाठ 1: फलों के नाम और 1 से 5 तक गिनती,यहाँ कितने आम हैं?,Nere chimina uli mena?,,teacher_script,,Nere chimina uli mena?,lesson_script,,NEEDS_HUMAN_REVIEW,Existing Hindi/Roman mapping has database category lesson_script while source category is teacher_script; category mismatch requires human review. Do not merge categories.,HOLD,,Verified baseline Roman value preserved exactly.,
classroom_phrases_class1.csv,classroom_phrases,Untitled spreadsheet - Sheet1 (3).csv,Teacher Script & Audio Prompts,14,पाठ 1: फलों के नाम और 1 से 5 तक गिनती,"मेरे पीछे बोलो: एक, दो, तीन, चार, पाँच।","Aing a tayam te kaji pe: miyad, bariya, apiya, upuna, moreya.",,teacher_script,,"Aing a tayam te kaji pe: miyad, bariya, apiya, upuna, moreya.",lesson_script,,NEEDS_HUMAN_REVIEW,Existing Hindi/Roman mapping has database category lesson_script while source category is teacher_script; category mismatch requires human review. Do not merge categories.,HOLD,,Source category and Roman value preserved exactly.,
number_vocabulary_class1.csv,number_vocabulary,Untitled spreadsheet - Sheet1.csv,Number Words,2,पाठ 1: फलों के नाम और 1 से 5 तक गिनती,एक,Miyad,1,,,Miyad,,,DUPLICATE,Existing database row uses this number_value; source and database Hindi/Roman values match. Do not propose an import.,HOLD,,Source Roman spelling preserved exactly.,
number_vocabulary_class1.csv,number_vocabulary,Untitled spreadsheet - Sheet1.csv,Number Words,3,पाठ 1: फलों के नाम और 1 से 5 तक गिनती,दो,Bariya,2,,,Bariya,,,DUPLICATE,Existing database row uses this number_value; source and database Hindi/Roman values match. Do not propose an import.,HOLD,,Source Roman spelling preserved exactly.,
number_vocabulary_class1.csv,number_vocabulary,Untitled spreadsheet - Sheet1.csv,Number Words,4,पाठ 1: फलों के नाम और 1 से 5 तक गिनती,तीन,Apiya,3,,,Apiya,,,DUPLICATE,Existing database row uses this number_value; source and database Hindi/Roman values match. Do not propose an import.,HOLD,,Source Roman spelling preserved exactly.,
number_vocabulary_class1.csv,number_vocabulary,Untitled spreadsheet - Sheet1.csv,Number Words,5,पाठ 1: फलों के नाम और 1 से 5 तक गिनती,चार,Upuna,4,,,Upuna,,,DUPLICATE,Existing database row uses this number_value; source and database Hindi/Roman values match. Do not propose an import.,HOLD,,Source Roman spelling preserved exactly.,
number_vocabulary_class1.csv,number_vocabulary,Untitled spreadsheet - Sheet1.csv,Number Words,6,पाठ 1: फलों के नाम और 1 से 5 तक गिनती,पाँच,Moreya,5,,,Moreya,,,DUPLICATE,Existing database row uses this number_value; source and database Hindi/Roman values match. Do not propose an import.,HOLD,,Source Roman spelling preserved exactly.,
number_vocabulary_class1.csv,number_vocabulary,Math Curriculum.csv,Math Curriculum,8,पाठ 1: फलों के नाम और 1 से 5 तक गिनती,छः,Turiya,6,,,Turiya,,,DUPLICATE,Existing database row uses this number_value; source and database Hindi/Roman values match. Do not propose an import.,HOLD,,Source Roman spelling preserved exactly.,
number_vocabulary_class1.csv,number_vocabulary,Math Curriculum.csv,Math Curriculum,9,पाठ 1: फलों के नाम और 1 से 5 तक गिनती,सात,Eya,7,,,Eya,,,DUPLICATE,Existing database row uses this number_value; source and database Hindi/Roman values match. Do not propose an import.,HOLD,,Source Roman spelling preserved exactly.,
number_vocabulary_class1.csv,number_vocabulary,Math Curriculum.csv,Math Curriculum,10,पाठ 1: फलों के नाम और 1 से 5 तक गिनती,आठ,Iralya,8,,,Iralya,,,DUPLICATE,Existing database row uses this number_value; source and database Hindi/Roman values match. Do not propose an import.,HOLD,,Source Roman spelling preserved exactly.,
number_vocabulary_class1.csv,number_vocabulary,Math Curriculum.csv,Math Curriculum,11,पाठ 1: फलों के नाम और 1 से 5 तक गिनती,नौ,Areya,9,,,Areya,,,DUPLICATE,Existing database row uses this number_value; source and database Hindi/Roman values match. Do not propose an import.,HOLD,,Source Roman spelling preserved exactly.,
number_vocabulary_class1.csv,number_vocabulary,Math Curriculum.csv,Math Curriculum,12,पाठ 1: फलों के नाम और 1 से 5 तक गिनती,दस,Geleya,10,,,Geleya,,,DUPLICATE,Existing database row uses this number_value; source and database Hindi/Roman values match. Do not propose an import.,HOLD,,Source Roman spelling preserved exactly.,
number_vocabulary_class1.csv,number_vocabulary,Untitled spreadsheet - Sheet1.csv,Number Words,12,पाठ 1: फलों के नाम और 1 से 5 तक गिनती,ग्यारह,Gel Miyad,11,,,Gel Miyad,,,DUPLICATE,Existing database row uses this number_value; source and database Hindi/Roman values match. Do not propose an import.,HOLD,,Source Roman spelling preserved exactly.,
number_vocabulary_class1.csv,number_vocabulary,Untitled spreadsheet - Sheet1.csv,Number Words,13,पाठ 1: फलों के नाम और 1 से 5 तक गिनती,बारह,Gel Bariya,12,,,Gel Bariya,,,DUPLICATE,Existing database row uses this number_value; source and database Hindi/Roman values match. Do not propose an import.,HOLD,,Source Roman spelling preserved exactly.,
number_vocabulary_class1.csv,number_vocabulary,Untitled spreadsheet - Sheet1.csv,Number Words,14,पाठ 1: फलों के नाम और 1 से 5 तक गिनती,तेरह,Gel Apiya,13,,,Gel Apiya,,,DUPLICATE,Existing database row uses this number_value; source and database Hindi/Roman values match. Do not propose an import.,HOLD,,Source Roman spelling preserved exactly.,
number_vocabulary_class1.csv,number_vocabulary,Untitled spreadsheet - Sheet1.csv,Number Words,15,पाठ 1: फलों के नाम और 1 से 5 तक गिनती,चौदह,Gel Upuna,14,,,Gel Upuna,,,DUPLICATE,Existing database row uses this number_value; source and database Hindi/Roman values match. Do not propose an import.,HOLD,,Source Roman spelling preserved exactly.,
number_vocabulary_class1.csv,number_vocabulary,Untitled spreadsheet - Sheet1.csv,Number Words,16,पाठ 1: फलों के नाम और 1 से 5 तक गिनती,पंद्रह,Gel Moreya,15,,,Gel Moreya,,,DUPLICATE,Existing database row uses this number_value; source and database Hindi/Roman values match. Do not propose an import.,HOLD,,Source Roman spelling preserved exactly.,
number_vocabulary_class1.csv,number_vocabulary,Math Curriculum.csv,Math Curriculum,18,पाठ 1: फलों के नाम और 1 से 5 तक गिनती,सोलह,Gel Turiya,16,,,Gel Turiya,,,DUPLICATE,Existing database row uses this number_value; source and database Hindi/Roman values match. Do not propose an import.,HOLD,,Source Roman spelling preserved exactly.,
number_vocabulary_class1.csv,number_vocabulary,Math Curriculum.csv,Math Curriculum,19,पाठ 1: फलों के नाम और 1 से 5 तक गिनती,सत्रह,Gel Eya,17,,,Gel Eya,,,DUPLICATE,Existing database row uses this number_value; source and database Hindi/Roman values match. Do not propose an import.,HOLD,,Source Roman spelling preserved exactly.,
number_vocabulary_class1.csv,number_vocabulary,Math Curriculum.csv,Math Curriculum,20,पाठ 1: फलों के नाम और 1 से 5 तक गिनती,अठारह,Gel Iralya,18,,,Gel Iralya,,,DUPLICATE,Existing database row uses this number_value; source and database Hindi/Roman values match. Do not propose an import.,HOLD,,Source Roman spelling preserved exactly.,
number_vocabulary_class1.csv,number_vocabulary,Math Curriculum.csv,Math Curriculum,21,पाठ 1: फलों के नाम और 1 से 5 तक गिनती,उन्नीस,Gel Areya,19,,,Gel Areya,,,DUPLICATE,Existing database row uses this number_value; source and database Hindi/Roman values match. Do not propose an import.,HOLD,,Source Roman spelling preserved exactly.,
number_vocabulary_class1.csv,number_vocabulary,Math Curriculum.csv,Math Curriculum,22,पाठ 1: फलों के नाम और 1 से 5 तक गिनती,बीस,Hisi,20,,,Migel,,,CONFLICT,Source and database Roman values conflict for number_value 20. Preserve both values; human/source decision required.,HOLD,,Explicit conflict: source=Hisi; database=Migel. No side selected.,
textbook_terms_class1.csv,textbook_terms,Untitled spreadsheet - Sheet1 (2).csv,झिलमिल पाठ्यपुस्तक - Jhilmil Content,2,पाठ 1: फलों के नाम और 1 से 5 तक गिनती,वर्णमाला (अक्षर),Akshar ko / Ol ko,,,Jhilmil Content,Akshar ko / Ol ko,,Jhilmil,NEEDS_HUMAN_REVIEW,Matching database mapping exists under source_book Jhilmil; source_book mismatch requires human review. Preserve source_book exactly.,HOLD,,Do not convert Jhilmil Content to Jhilmil.,
textbook_terms_class1.csv,textbook_terms,Untitled spreadsheet - Sheet1 (2).csv,झिलमिल पाठ्यपुस्तक - Jhilmil Content,3,पाठ 1: फलों के नाम और 1 से 5 तक गिनती,स्वर,Sawar ol,,,Jhilmil Content,Sawar ol,,Jhilmil,NEEDS_HUMAN_REVIEW,Matching database mapping exists under source_book Jhilmil; source_book mismatch requires human review. Preserve source_book exactly.,HOLD,,Do not convert Jhilmil Content to Jhilmil.,
textbook_terms_class1.csv,textbook_terms,Untitled spreadsheet - Sheet1 (2).csv,झिलमिल पाठ्यपुस्तक - Jhilmil Content,4,पाठ 1: फलों के नाम और 1 से 5 तक गिनती,व्यंजन,Vyanjan ol,,,Jhilmil Content,Vyanjan ol,,Jhilmil,NEEDS_HUMAN_REVIEW,Matching database mapping exists under source_book Jhilmil; source_book mismatch requires human review. Preserve source_book exactly.,HOLD,,Do not convert Jhilmil Content to Jhilmil.,
textbook_terms_class1.csv,textbook_terms,Untitled spreadsheet - Sheet1 (2).csv,झिलमिल पाठ्यपुस्तक - Jhilmil Content,5,पाठ 1: फलों के नाम और 1 से 5 तक गिनती,चित्र सहायता (चित्र देखकर पढ़ना),Chitar-padhau,,,Jhilmil Content,Chitar-padhau,,Jhilmil,NEEDS_HUMAN_REVIEW,Matching database mapping exists under source_book Jhilmil; source_book mismatch requires human review. Preserve source_book exactly.,HOLD,,Do not convert Jhilmil Content to Jhilmil.,
textbook_terms_class1.csv,textbook_terms,Untitled spreadsheet - Sheet1 (2).csv,झिलमिल पाठ्यपुस्तक - Jhilmil Content,6,पाठ 1: फलों के नाम और 1 से 5 तक गिनती,कविता / बालगीत,Durang,,,Jhilmil Content,Durang,,Jhilmil,NEEDS_HUMAN_REVIEW,Matching database mapping exists under source_book Jhilmil; source_book mismatch requires human review. Preserve source_book exactly.,HOLD,,Do not convert Jhilmil Content to Jhilmil.,
textbook_terms_class1.csv,textbook_terms,Untitled spreadsheet - Sheet1 (2).csv,झिलमिल पाठ्यपुस्तक - Jhilmil Content,7,पाठ 1: फलों के नाम और 1 से 5 तक गिनती,कहानी,Kani,,,Jhilmil Content,Kani,,Jhilmil,NEEDS_HUMAN_REVIEW,Matching database mapping exists under source_book Jhilmil; source_book mismatch requires human review. Preserve source_book exactly.,HOLD,,Do not convert Jhilmil Content to Jhilmil.,
textbook_terms_class1.csv,textbook_terms,Untitled spreadsheet - Sheet1 (2).csv,झिलमिल पाठ्यपुस्तक - Jhilmil Content,8,पाठ 1: फलों के नाम और 1 से 5 तक गिनती,घो घो रानी (खेल-गीत),Gho Gho Rani durang,,,Jhilmil Content,Gho Gho Rani durang,,Jhilmil,NEEDS_HUMAN_REVIEW,Matching database mapping exists under source_book Jhilmil; source_book mismatch requires human review. Preserve source_book exactly.,HOLD,,Do not convert Jhilmil Content to Jhilmil.,
textbook_terms_class1.csv,textbook_terms,Untitled spreadsheet - Sheet1 (2).csv,झिलमिल पाठ्यपुस्तक - Jhilmil Content,9,पाठ 1: फलों के नाम और 1 से 5 तक गिनती,तीन साथी,Apiya gate ko,,,Jhilmil Content,Apiya gate ko,,Jhilmil,NEEDS_HUMAN_REVIEW,Matching database mapping exists under source_book Jhilmil; source_book mismatch requires human review. Preserve source_book exactly.,HOLD,,Do not convert Jhilmil Content to Jhilmil.,
textbook_terms_class1.csv,textbook_terms,Untitled spreadsheet - Sheet1 (2).csv,अंग्रेजी English - Sunrise,13,पाठ 1: फलों के नाम और 1 से 5 तक गिनती,एक खुश बच्चा,Rasa hon,,,English - Sunrise,Rasa hon,,Jhilmil,NEEDS_HUMAN_REVIEW,Matching database mapping exists under source_book Jhilmil; source_book mismatch requires human review. Preserve source_book exactly.,HOLD,,Do not convert English - Sunrise to Jhilmil.,
textbook_terms_class1.csv,textbook_terms,Untitled spreadsheet - Sheet1 (2).csv,अंग्रेजी English - Sunrise,14,पाठ 1: फलों के नाम और 1 से 5 तक गिनती,अभिवादन (नमस्ते / जोहार),Johar,,,English - Sunrise,Johar,,Jhilmil,NEEDS_HUMAN_REVIEW,Matching database mapping exists under source_book Jhilmil; source_book mismatch requires human review. Preserve source_book exactly.,HOLD,,Do not convert English - Sunrise to Jhilmil.,
textbook_terms_class1.csv,textbook_terms,Untitled spreadsheet - Sheet1 (2).csv,अंग्रेजी English - Sunrise,15,पाठ 1: फलों के नाम और 1 से 5 तक गिनती,भावनाएँ (खुशी / उदासी),Rasa ar Duk,,,English - Sunrise,Rasa ar Duk,,Jhilmil,NEEDS_HUMAN_REVIEW,Matching database mapping exists under source_book Jhilmil; source_book mismatch requires human review. Preserve source_book exactly.,HOLD,,Do not convert English - Sunrise to Jhilmil.,
textbook_terms_class1.csv,textbook_terms,Untitled spreadsheet - Sheet1 (2).csv,अंग्रेजी English - Sunrise,16,पाठ 1: फलों के नाम और 1 से 5 तक गिनती,दैनिक दिनचर्या (रोज़ के काम),Dinaki kami,,,English - Sunrise,,,,NEEDS_HUMAN_REVIEW,No matching database mapping found; preserve source_book and Roman value exactly; human review required.,HOLD,,Do not convert English - Sunrise to another source-book identity.,
