number_value,hindi,mundari_roman,source,source_reference,validation_status
1,एक,Miyad,lesson1_source,Math Curriculum.csv,raw
2,दो,Bariya,lesson1_source,Math Curriculum.csv,raw
3,तीन,Apiya,lesson1_source,Math Curriculum.csv,raw
4,चार,Upuna,lesson1_source,Math Curriculum.csv,raw
5,पाँच,Moreya,lesson1_source,Math Curriculum.csv,raw
6,छः,Turiya,lesson1_source,Math Curriculum.csv,raw
7,सात,Eya,lesson1_source,Math Curriculum.csv,raw
8,आठ,Iralya,lesson1_source,Math Curriculum.csv,raw
9,नौ,Areya,lesson1_source,Math Curriculum.csv,raw
10,दस,Geleya,lesson1_source,Math Curriculum.csv,raw
11,ग्यारह,Gel Miyad,lesson1_source,Math Curriculum.csv,raw
12,बारह,Gel Bariya,lesson1_source,Math Curriculum.csv,raw
13,तेरह,Gel Apiya,lesson1_source,Math Curriculum.csv,raw
14,चौदह,Gel Upuna,lesson1_source,Math Curriculum.csv,raw
15,पंद्रह,Gel Moreya,lesson1_source,Math Curriculum.csv,raw
16,सोलह,Gel Turiya,lesson1_source,Math Curriculum.csv,raw
17,सत्रह,Gel Eya,lesson1_source,Math Curriculum.csv,raw
18,अठारह,Gel Iralya,lesson1_source,Math Curriculum.csv,raw
19,उन्नीस,Gel Areya,lesson1_source,Math Curriculum.csv,raw
20,बीस,Hisi,lesson1_source,Math Curriculum.csv,raw
