hindi,mundari_roman,source,source_reference,validation_status
पानी,Daḥ,lesson1_source,Word Formulation & Nouns.csv,raw
फल,Jo,lesson1_source,Word Formulation & Nouns.csv,raw
भात (पका चावल),Mandi,lesson1_source,Word Formulation & Nouns.csv,raw
घर,Oraḥ,lesson1_source,Word Formulation & Nouns.csv,raw
हाथ,Ti,lesson1_source,Word Formulation & Nouns.csv,raw
चाकू,Katu,lesson1_source,Word Formulation & Nouns.csv,raw
नदी,Gara,lesson1_source,Word Formulation & Nouns.csv,raw
पेड़,Daru,lesson1_source,Word Formulation & Nouns.csv,raw
बैल,Uri,lesson1_source,Word Formulation & Nouns.csv,raw
पक्षी,Cere,lesson1_source,Word Formulation & Nouns.csv,raw
