number_value,hindi,mundari_roman,source_file,source_sheet,source_row,source_type,source_column,roman_source,notes
1,एक,Miyad,Untitled spreadsheet - Sheet1.csv,Number Words,2,number_vocabulary,source_column,source-provided,"Verified Class 1 number vocabulary row."
2,दो,Bariya,Untitled spreadsheet - Sheet1.csv,Number Words,3,number_vocabulary,source_column,source-provided,"Verified Class 1 number vocabulary row."
3,तीन,Apiya,Untitled spreadsheet - Sheet1.csv,Number Words,4,number_vocabulary,source_column,source-provided,"Verified Class 1 number vocabulary row."
4,चार,Upuna,Untitled spreadsheet - Sheet1.csv,Number Words,5,number_vocabulary,source_column,source-provided,"Verified Class 1 number vocabulary row."
5,पाँच,Moreya,Untitled spreadsheet - Sheet1.csv,Number Words,6,number_vocabulary,source_column,source-provided,"Verified Class 1 number vocabulary row."
6,छः,Turiya,Math Curriculum.csv,Math Curriculum,8,number_vocabulary,source_column,source-provided,"Explicit number list from curriculum table."
7,सात,Eya,Math Curriculum.csv,Math Curriculum,9,number_vocabulary,source_column,source-provided,"Explicit number list from curriculum table."
8,आठ,Iralya,Math Curriculum.csv,Math Curriculum,10,number_vocabulary,source_column,source-provided,"Explicit number list from curriculum table."
9,नौ,Areya,Math Curriculum.csv,Math Curriculum,11,number_vocabulary,source_column,source-provided,"Explicit number list from curriculum table."
10,दस,Geleya,Math Curriculum.csv,Math Curriculum,12,number_vocabulary,source_column,source-provided,"Explicit number list from curriculum table."
11,ग्यारह,Gel Miyad,Untitled spreadsheet - Sheet1.csv,Number Words,12,number_vocabulary,source_column,source-provided,"Composite count phrase from source row."
12,बारह,Gel Bariya,Untitled spreadsheet - Sheet1.csv,Number Words,13,number_vocabulary,source_column,source-provided,"Composite count phrase from source row."
13,तेरह,Gel Apiya,Untitled spreadsheet - Sheet1.csv,Number Words,14,number_vocabulary,source_column,source-provided,"Composite count phrase from source row."
14,चौदह,Gel Upuna,Untitled spreadsheet - Sheet1.csv,Number Words,15,number_vocabulary,source_column,source-provided,"Composite count phrase from source row."
15,पंद्रह,Gel Moreya,Untitled spreadsheet - Sheet1.csv,Number Words,16,number_vocabulary,source_column,source-provided,"Composite count phrase from source row."
16,सोलह,Gel Turiya,Math Curriculum.csv,Math Curriculum,18,number_vocabulary,source_column,source-provided,"Explicit number list from curriculum table."
17,सत्रह,Gel Eya,Math Curriculum.csv,Math Curriculum,19,number_vocabulary,source_column,source-provided,"Explicit number list from curriculum table."
18,अठारह,Gel Iralya,Math Curriculum.csv,Math Curriculum,20,number_vocabulary,source_column,source-provided,"Explicit number list from curriculum table."
19,उन्नीस,Gel Areya,Math Curriculum.csv,Math Curriculum,21,number_vocabulary,source_column,source-provided,"Explicit number list from curriculum table."
20,बीस,Hisi,Math Curriculum.csv,Math Curriculum,22,number_vocabulary,source_column,source-provided,"Explicit number list from curriculum table."
