source_book,hindi,mundari_roman,source_file,source_sheet,source_row,source_type,source_column,roman_source,notes
Jhilmil Content,वर्णमाला (अक्षर),Akshar ko / Ol ko,Untitled spreadsheet - Sheet1 (2).csv,झिलमिल पाठ्यपुस्तक - Jhilmil Content,2,textbook_term,source_column,source-provided,"Alphabet term from the textbook source."
Jhilmil Content,स्वर,Sawar ol,Untitled spreadsheet - Sheet1 (2).csv,झिलमिल पाठ्यपुस्तक - Jhilmil Content,3,textbook_term,source_column,source-provided,"Vowel term from the textbook source."
Jhilmil Content,व्यंजन,Vyanjan ol,Untitled spreadsheet - Sheet1 (2).csv,झिलमिल पाठ्यपुस्तक - Jhilmil Content,4,textbook_term,source_column,source-provided,"Consonant term from the textbook source."
Jhilmil Content,चित्र सहायता (चित्र देखकर पढ़ना),Chitar-padhau,Untitled spreadsheet - Sheet1 (2).csv,झिलमिल पाठ्यपुस्तक - Jhilmil Content,5,textbook_term,source_column,source-provided,"Picture-based reading support phrase."
Jhilmil Content,कविता / बालगीत,Durang,Untitled spreadsheet - Sheet1 (2).csv,झिलमिल पाठ्यपुस्तक - Jhilmil Content,6,textbook_term,source_column,source-provided,"Poetry / nursery rhyme term."
Jhilmil Content,कहानी,Kani,Untitled spreadsheet - Sheet1 (2).csv,झिलमिल पाठ्यपुस्तक - Jhilmil Content,7,textbook_term,source_column,source-provided,"Story term."
Jhilmil Content,घो घो रानी (खेल-गीत),Gho Gho Rani durang,Untitled spreadsheet - Sheet1 (2).csv,झिलमिल पाठ्यपुस्तक - Jhilmil Content,8,textbook_term,source_column,source-provided,"Rhythmic song phrase."
Jhilmil Content,तीन साथी,Apiya gate ko,Untitled spreadsheet - Sheet1 (2).csv,झिलमिल पाठ्यपुस्तक - Jhilmil Content,9,textbook_term,source_column,source-provided,"Three friends phrase."
English - Sunrise,एक खुश बच्चा,Rasa hon,Untitled spreadsheet - Sheet1 (2).csv,अंग्रेजी English - Sunrise,13,textbook_term,source_column,source-provided,"English classroom word phrase."
English - Sunrise,अभिवादन (नमस्ते / जोहार),Johar,Untitled spreadsheet - Sheet1 (2).csv,अंग्रेजी English - Sunrise,14,textbook_term,source_column,source-provided,"Greeting phrase."
English - Sunrise,भावनाएँ (खुशी / उदासी),Rasa ar Duk,Untitled spreadsheet - Sheet1 (2).csv,अंग्रेजी English - Sunrise,15,textbook_term,source_column,source-provided,"Emotion phrase."
English - Sunrise,दैनिक दिनचर्या (रोज़ के काम),Dinaki kami,Untitled spreadsheet - Sheet1 (2).csv,अंग्रेजी English - Sunrise,16,textbook_term,source_column,source-provided,"Daily routine phrase."
